feature,gain
avgdpdtolclosure24_3658938P,0.08456782
numrejects9m_859L,0.022901021
pmtaverage_3A,0.02122329
mobilephncnt_593L,0.020488782
maxdbddpdtollast12m_3658940P,0.020457428
numinstpaidearly3d_3546850L,0.017657034
inittransactioncode_186L,0.017044466
pctinstlsallpaidlate1d_3546856L,0.016016006
disbursementtype_67L,0.015712064
days90_310L,0.015683258
numinstlallpaidearly3d_817L,0.014677815
maxdpdlast12m_727P,0.014154626
maxdpdlast9m_1059P,0.014146818
lastrejectdate_50D,0.013721143
maxdpdlast3m_392P,0.013661356
firstclxcampaign_1125D,0.013558823
avgdbdtollast24m_4525197P,0.01351725
homephncnt_628L,0.013110764
riskassesment_940T,0.012483519
pmtscount_423L,0.012291677
lastst_736L,0.011847123
isbidproduct_1095L,0.011811995
days120_123L,0.011450504
responsedate_1012D,0.009844145
requesttype_4525192L,0.009683616
pctinstlsallpaidlate4d_3546849L,0.009648528
numinstlswithoutdpd_562L,0.009515079
lastrejectreasonclient_4145040M,0.008639461
numinstlsallpaid_934L,0.0084834825
days30_165L,0.00848101
maxdpdlast6m_474P,0.008327781
numinsttopaygr_769L,0.008300789
maxdpdlast24m_143P,0.008025936
lastrejectreason_759M,0.007845755
monthsannuity_845L,0.007817415
pmtssum_45A,0.0077274526
pmtnum_254L,0.0077135824
datelastinstal40dpd_247D,0.0074984157
numinstunpaidmax_3546851L,0.0074615804
numnotactivated_1143L,0.0073152664
numinstlswithdpd10_728L,0.00714216
credtype_322L,0.0066031828
lastdelinqdate_224D,0.0065409085
validfrom_1069D,0.006520409
days180_256L,0.006341807
price_1097A,0.0061852997
pctinstlsallpaidlate6d_3546844L,0.0060819895
cntpmts24_3658933L,0.005984298
bankacctype_710L,0.0058786506
numinstpaid_4499208L,0.0058421455
clientscnt12m_3712952L,0.005825175
pctinstlsallpaidearl3d_427L,0.0056447447
numincomingpmts_3546848L,0.0055303504
eir_270L,0.005237138
totalsettled_863A,0.005195268
assignmentdate_238D,0.0050499504
clientscnt6m_3712949L,0.0050414116
applicationscnt_867L,0.005029071
firstdatedue_489D,0.0050083045
totaldebt_9A,0.00489922
currdebt_22A,0.0048951833
avgdbddpdlast24m_3658932P,0.0048531326
maxdbddpdtollast6m_4187119P,0.0048378543
pctinstlsallpaidlat10d_839L,0.0047964584
maxdebt4_972A,0.004497073
daysoverduetolerancedd_3976961L,0.0044966945
inittransactionamount_650A,0.004475528
disbursedcredamount_1113A,0.004427107
numinstregularpaidest_4493210L,0.0044085053
interestrate_311L,0.00434159
avgdbddpdlast3m_4187120P,0.004236275
thirdquarter_1082L,0.004210309
datelastunpaid_3546854D,0.0041639134
numinstunpaidmaxest_4493212L,0.004159726
datefirstoffer_1144D,0.004135275
lastapplicationdate_877D,0.004081932
lastapprcommoditycat_1041M,0.004042659
amtinstpaidbefduel24m_4187115A,0.004022507
maxdpdinstldate_3546855D,0.0039943336
numinstls_657L,0.0039667203
downpmt_116A,0.0038658776
applicationscnt_1086L,0.003811764
fourthquarter_440L,0.0037605073
typesuite_864L,0.0036769393
avgmaxdpdlast9m_3716943P,0.0036582702
numinstpaidearly5dest_4493211L,0.0036380233
numinsttopaygrest_4493213L,0.00363798
lastapprdate_640D,0.003494546
cardtype_51L,0.0034932909
numberofqueries_373L,0.0034709398
numinstmatpaidtearly2d_4499204L,0.0034179871
for3years_584L,0.003386575
numcontrs3months_479L,0.003378244
days360_512L,0.0033691318
responsedate_4527233D,0.003342388
credamount_770A,0.0032905268
cntincpaycont9m_3716944L,0.0032881089
sellerplacescnt_216L,0.0032379974
lastcancelreason_561M,0.0032164424
maxannuity_159A,0.0031727308
sumoutstandtotalest_4493215A,0.0031072912
numactiverelcontr_750L,0.0030389843
maxdpdtolerance_374P,0.0030090031
maxdpdfrom6mto36m_3546853P,0.0029493505
pmtaverage_4527227A,0.002926504
posfstqpd30lastmonth_3976962P,0.0029219938
clientscnt_100L,0.0029058282
annuity_780A,0.0028926446
avgpmtlast12m_4525200A,0.0028765306
avgoutstandbalancel6m_4187114A,0.0028648062
sumoutstandtotal_3546847A,0.0028644172
maxdbddpdlast1m_3658939P,0.002845406
pmtcount_693L,0.002836903
mindbddpdlast24m_3658935P,0.0027851732
lastrejectcommoditycat_161M,0.0027672895
clientscnt_304L,0.002689698
numinstregularpaid_973L,0.0026884263
description_5085714M,0.0026760972
lastrejectcredamount_222A,0.002622642
pmtcount_4527229L,0.0026131566
numinstpaidearly3dest_4493216L,0.0026014377
previouscontdistrict_112M,0.0025671727
numinstpaidlate1d_3546852L,0.0025177326
maininc_215A,0.002511305
lastapprcredamount_781A,0.00250971
firstquarter_103L,0.0024928441
maxpmtlast3m_4525190A,0.002480371
numinstlswithdpd5_4187116L,0.002442797
twobodfilling_608L,0.002440582
maxdpdinstlnum_3546846P,0.0024277878
dtlastpmtallstes_4499206D,0.0024262583
clientscnt_1022L,0.0024155187
applicationscnt_629L,0.002408204
numinstpaidearly5d_1087L,0.002364301
posfpd30lastmonth_3976960P,0.0023384923
numactivecreds_622L,0.0023144763
lastactivateddate_801D,0.00231087
clientscnt_1071L,0.0022905713
maxinstallast24m_3658928A,0.00227301
clientscnt_887L,0.002271665
secondquarter_766L,0.002257446
numinstpaidearly5dobd_4499205L,0.0022396017
sellerplacecnt_915L,0.002218651
numinstpaidlastcontr_4325080L,0.00220071
avginstallast24m_3658937A,0.00213912
opencred_647L,0.0021310176
currdebtcredtyperange_828A,0.0021178403
numinstpaidearlyest_4493214L,0.0021068675
maxoutstandbalancel12m_4187113A,0.0020956087
numinstpaidearly_338L,0.0020839807
annuitynextmonth_57A,0.002066142
mindbdtollast24m_4525191P,0.0020638264
riskassesment_302T,0.002049554
assignmentdate_4527235D,0.0020226177
numactivecredschannel_414L,0.0019793496
clientscnt_946L,0.001907096
maxlnamtstart6m_4525199A,0.0018380667
totinstallast1m_4525188A,0.0018354151
actualdpdtolerance_344P,0.0018347828
avglnamtstart24m_4525187A,0.0018301819
clientscnt_533L,0.0017787772
applicationscnt_464L,0.0017272163
clientscnt_157L,0.0017161368
maxannuity_4075009A,0.0016171312
lastdependentsnum_448L,0.0016130378
equalityempfrom_62L,0.0015978003
equalitydataagreement_891L,0.0015422936
for3years_504L,0.0014979797
clientscnt3m_3712950L,0.0014399159
foryear_850L,0.0012489903
forquarter_634L,0.0011691861
clientscnt_257L,0.0
clientscnt_1130L,0.0
clientscnt_360L,0.0
clientscnt_493L,0.0
paytype1st_925L,0.0
paytype_783L,0.0
applications30d_658L,0.0
applicationcnt_361L,0.0
commnoinclast6m_3546845L,0.0
formonth_206L,0.0
isdebitcard_729L,0.0
mastercontrelectronic_519L,0.0
formonth_535L,0.0
numpmtchanneldd_318L,0.0
posfpd10lastmonth_333P,0.0
for3years_128L,0.0
formonth_118L,0.0
foryear_818L,0.0
foryear_618L,0.0
forweek_601L,0.0
forweek_528L,0.0
forweek_1077L,0.0
fortoday_1092L,0.0
forquarter_462L,0.0
forquarter_1017L,0.0
mastercontrexist_109L,0.0
