selection_partition,approval_rate,pd_cutoff,approved_count,observed_bad_rate,mean_predicted_pd,approved_exposure,expected_loss_scenario,realised_loss_proxy,lgd_assumption,oot_score_psi
policy,0.19999458045984797,0.00754285603761673,14761,0.0019646365422396855,0.004392351023852825,645794489.2167001,733925.2163284776,357829.3505,0.25,0.0027877142075102518
policy,0.39998916091969594,0.015673967078328133,29522,0.00423413047896484,0.007953306660056114,1444154357.5269003,3044261.7346971277,1943691.604,0.25,0.0027877142075102518
policy,0.599997290229924,0.02573687583208084,44284,0.006842200343239093,0.012101379223167896,2199538346.9195,6885848.394079745,4129819.9064999996,0.25,0.0027877142075102518
policy,0.799991870689772,0.048191748559474945,59045,0.010686764332288932,0.017747830599546432,3038842431.4540005,14231582.971978202,8944120.71025,0.25,0.0027877142075102518
policy,0.19999458045984797,0.00754285603761673,14761,0.0019646365422396855,0.004392351023852825,645794489.2167001,1321065.3893912598,644092.8309000002,0.45,0.0027877142075102518
policy,0.39998916091969594,0.015673967078328133,29522,0.00423413047896484,0.007953306660056114,1444154357.5269003,5479671.1224548295,3498644.8872000007,0.45,0.0027877142075102518
policy,0.599997290229924,0.02573687583208084,44284,0.006842200343239093,0.012101379223167896,2199538346.9195,12394527.109343542,7433675.8317,0.45,0.0027877142075102518
policy,0.799991870689772,0.048191748559474945,59045,0.010686764332288932,0.017747830599546432,3038842431.4540005,25616849.349560764,16099417.278450001,0.45,0.0027877142075102518
policy,0.19999458045984797,0.00754285603761673,14761,0.0019646365422396855,0.004392351023852825,645794489.2167001,1908205.562454042,930356.3113000001,0.65,0.0027877142075102518
policy,0.39998916091969594,0.015673967078328133,29522,0.00423413047896484,0.007953306660056114,1444154357.5269003,7915080.510212532,5053598.1704,0.65,0.0027877142075102518
policy,0.599997290229924,0.02573687583208084,44284,0.006842200343239093,0.012101379223167896,2199538346.9195,17903205.824607335,10737531.756900001,0.65,0.0027877142075102518
policy,0.799991870689772,0.048191748559474945,59045,0.010686764332288932,0.017747830599546432,3038842431.4540005,37002115.727143325,23254713.84665,0.65,0.0027877142075102518
