WEEK_NUM,applications,defaults,default_rate,first_decision_date,last_decision_date
0,16735,400,0.023902001792650136,2019-01-01,2019-01-07
1,18841,472,0.025051748845602673,2019-01-08,2019-01-14
2,17476,465,0.026607919432364385,2019-01-15,2019-01-21
3,16108,419,0.026011919543084183,2019-01-22,2019-01-28
4,14309,404,0.028233978614857783,2019-01-29,2019-02-04
5,15335,407,0.026540593413759375,2019-02-05,2019-02-11
6,16385,445,0.027158986878242294,2019-02-12,2019-02-18
7,17238,462,0.026801253045596937,2019-02-19,2019-02-25
8,13076,424,0.03242581829305598,2019-02-26,2019-03-04
9,14716,390,0.026501766784452298,2019-03-05,2019-03-11
10,16650,471,0.028288288288288287,2019-03-12,2019-03-18
11,16101,367,0.022793615303397304,2019-03-19,2019-03-25
12,17105,479,0.02800350774627302,2019-03-26,2019-04-01
13,15791,410,0.025964156798176177,2019-04-02,2019-04-08
14,17534,525,0.029941827306946504,2019-04-09,2019-04-15
15,17713,502,0.028340766668548522,2019-04-16,2019-04-22
16,16598,535,0.03223279913242559,2019-04-23,2019-04-29
17,12146,440,0.036225917997694715,2019-04-30,2019-05-06
18,11729,420,0.03580867934180237,2019-05-07,2019-05-13
19,17194,529,0.030766546469698734,2019-05-14,2019-05-20
20,16366,501,0.030612244897959183,2019-05-21,2019-05-27
21,16962,543,0.0320127343473647,2019-05-28,2019-06-03
22,23261,559,0.024031640944069472,2019-06-04,2019-06-10
23,26734,633,0.02367771377272387,2019-06-11,2019-06-17
24,19503,535,0.02743167717787007,2019-06-18,2019-06-24
25,20744,588,0.028345545699961436,2019-06-25,2019-07-01
26,20621,572,0.027738712962513942,2019-07-02,2019-07-08
27,22450,630,0.028062360801781736,2019-07-09,2019-07-15
28,22013,591,0.026847771771226093,2019-07-16,2019-07-22
29,22841,613,0.026837704128540783,2019-07-23,2019-07-29
30,20688,602,0.029098994586233565,2019-07-30,2019-08-05
31,21275,544,0.025569917743830786,2019-08-06,2019-08-12
32,23889,572,0.023944074678722425,2019-08-13,2019-08-19
33,21525,632,0.029361207897793264,2019-08-20,2019-08-26
34,23477,638,0.027175533500873195,2019-08-27,2019-09-02
35,24137,677,0.028048224717239095,2019-09-03,2019-09-09
36,23812,810,0.03401646228792206,2019-09-10,2019-09-16
37,22255,834,0.0374747247809481,2019-09-17,2019-09-23
38,22424,861,0.03839636104174099,2019-09-24,2019-09-30
39,21039,820,0.03897523646561148,2019-10-01,2019-10-07
40,23907,833,0.03484335131969716,2019-10-08,2019-10-14
41,21125,843,0.039905325443786985,2019-10-15,2019-10-21
42,20643,801,0.03880249963668071,2019-10-22,2019-10-28
43,21029,841,0.03999239145941319,2019-10-29,2019-11-04
44,25887,938,0.036234403368486115,2019-11-05,2019-11-11
45,28947,1001,0.03458044011469237,2019-11-12,2019-11-18
46,22299,915,0.041033230189694604,2019-11-19,2019-11-25
47,31888,936,0.029352734570998493,2019-11-26,2019-12-02
48,22298,890,0.03991389362274644,2019-12-03,2019-12-09
49,30938,1014,0.03277522787510505,2019-12-10,2019-12-16
50,26244,1060,0.04039018442310623,2019-12-17,2019-12-23
51,35920,1136,0.03162583518930958,2019-12-24,2019-12-30
52,22915,689,0.030067641283002402,2019-12-31,2020-01-06
53,22194,823,0.03708209425970983,2020-01-07,2020-01-13
54,18740,869,0.04637139807897545,2020-01-14,2020-01-20
55,18538,789,0.042561225590678604,2020-01-21,2020-01-27
56,17072,811,0.04750468603561387,2020-01-28,2020-02-03
57,18221,838,0.045990889632841224,2020-02-04,2020-02-10
58,17819,867,0.04865592906448173,2020-02-11,2020-02-17
59,17729,889,0.05014383213943257,2020-02-18,2020-02-24
60,15864,729,0.04595310136157337,2020-02-25,2020-03-02
61,15568,807,0.05183710174717369,2020-03-03,2020-03-09
62,17164,895,0.05214402237240737,2020-03-10,2020-03-16
63,14337,589,0.04108251377554579,2020-03-17,2020-03-23
64,10268,322,0.03135956369302688,2020-03-24,2020-03-30
65,4258,96,0.02254579614842649,2020-03-31,2020-04-06
66,2278,52,0.0228270412642669,2020-04-07,2020-04-13
67,1434,30,0.02092050209205021,2020-04-14,2020-04-20
68,825,21,0.025454545454545455,2020-04-21,2020-04-27
69,1582,35,0.022123893805309734,2020-04-28,2020-05-04
70,3808,82,0.02153361344537815,2020-05-05,2020-05-11
71,7921,176,0.02221941674031057,2020-05-12,2020-05-18
72,8858,207,0.02336870625423346,2020-05-19,2020-05-25
73,8687,189,0.021756647864625302,2020-05-26,2020-06-01
74,11280,303,0.026861702127659575,2020-06-02,2020-06-08
75,13656,290,0.02123608670181605,2020-06-09,2020-06-15
76,10261,255,0.024851379007893967,2020-06-16,2020-06-22
77,7754,197,0.025406241939644053,2020-06-23,2020-06-29
78,8755,195,0.02227298686464877,2020-06-30,2020-07-06
79,5158,112,0.021713842574641335,2020-07-07,2020-07-13
80,6246,120,0.01921229586935639,2020-07-14,2020-07-20
81,6743,188,0.02788076523802462,2020-07-21,2020-07-27
82,5423,122,0.022496773003872397,2020-07-28,2020-08-03
83,7295,156,0.021384509938313912,2020-08-04,2020-08-10
84,9721,216,0.022219936220553443,2020-08-11,2020-08-17
85,16239,308,0.018966685140710635,2020-08-18,2020-08-24
86,15630,277,0.017722328854766475,2020-08-25,2020-08-31
87,17886,329,0.018394274851839428,2020-09-01,2020-09-07
88,14234,265,0.018617394969790643,2020-09-08,2020-09-14
89,13600,309,0.022720588235294117,2020-09-15,2020-09-21
90,12103,330,0.027265967115591174,2020-09-22,2020-09-28
91,12674,288,0.02272368628688654,2020-09-29,2020-10-05
